sample_id,essay_set,student_answer,human_score,score_min,score_max,question,reference_answer,rubric,subject
es1_1669,1,"Number 2, pour vinegar in eatch of the four seperate not identical containers. This can help determen the mass of eatch item and help with the experement from what we read, after placing samples into the container then letting it sit will determen the mass.",0,0,3,"After reading the group's procedure, describe what additional information you would need in order to replicate the experiment. Make sure to include at least three pieces of information.","Needed information includes: the type of organism studied, the ## or amount of each organism used, the size of the container/environment, the type of food, the amount of food, the daily temperature range, the light cycle conditions, the length of the experiment.","Score 3: Response demonstrates complete understanding — provides 3+ specific pieces of missing information with clear scientific reasoning.
Score 2: Response demonstrates adequate understanding — provides 1-2 specific pieces of missing information.
Score 1: Response demonstrates partial understanding — provides vague or incomplete information.
Score 0: Response demonstrates no understanding or is off-topic.",Science — Interdependence in Ecosystems
es1_477,1,"In order to deplicate this experiment, we would need to know how much vinegar the people used. If we don,t know and we use more or less, it could change the experiments outcome. Also , we would need to know all of the tools they used so that we could use the same ones. And finally, it would help if they measured the mass inbetween the 24 hours.",1,0,3,"After reading the group's procedure, describe what additional information you would need in order to replicate the experiment. Make sure to include at least three pieces of information.","Needed information includes: the type of organism studied, the ## or amount of each organism used, the size of the container/environment, the type of food, the amount of food, the daily temperature range, the light cycle conditions, the length of the experiment.","Score 3: Response demonstrates complete understanding — provides 3+ specific pieces of missing information with clear scientific reasoning.
Score 2: Response demonstrates adequate understanding — provides 1-2 specific pieces of missing information.
Score 1: Response demonstrates partial understanding — provides vague or incomplete information.
Score 0: Response demonstrates no understanding or is off-topic.",Science — Interdependence in Ecosystems
es1_861,1,"After reading the group's procedure I think that they should say in their chart how much vinegar they put in the identical containers. Also they should put in the chart the time difference or did they do it at the same time; and what kind of containers did they use ? Beaker, test tube, a regular container ?",2,0,3,"After reading the group's procedure, describe what additional information you would need in order to replicate the experiment. Make sure to include at least three pieces of information.","Needed information includes: the type of organism studied, the ## or amount of each organism used, the size of the container/environment, the type of food, the amount of food, the daily temperature range, the light cycle conditions, the length of the experiment.","Score 3: Response demonstrates complete understanding — provides 3+ specific pieces of missing information with clear scientific reasoning.
Score 2: Response demonstrates adequate understanding — provides 1-2 specific pieces of missing information.
Score 1: Response demonstrates partial understanding — provides vague or incomplete information.
Score 0: Response demonstrates no understanding or is off-topic.",Science — Interdependence in Ecosystems
es1_824,1,"In order to replicate their experiment you would need additional information. First, they need to specity what the",3,0,3,"After reading the group's procedure, describe what additional information you would need in order to replicate the experiment. Make sure to include at least three pieces of information.","Needed information includes: the type of organism studied, the ## or amount of each organism used, the size of the container/environment, the type of food, the amount of food, the daily temperature range, the light cycle conditions, the length of the experiment.","Score 3: Response demonstrates complete understanding — provides 3+ specific pieces of missing information with clear scientific reasoning.
Score 2: Response demonstrates adequate understanding — provides 1-2 specific pieces of missing information.
Score 1: Response demonstrates partial understanding — provides vague or incomplete information.
Score 0: Response demonstrates no understanding or is off-topic.",Science — Interdependence in Ecosystems
